<?xml version="1.0" encoding="UTF-8" ?>    

<!DOCTYPE sqlMap      
	PUBLIC "-//ibatis.apache.org//DTD SQL Map 2.0//EN"      
	"http://ibatis.apache.org/dtd/sql-map-2.dtd">

	<sqlMap namespace="Cities">
		
		<!-- R E S U L T   M A P S -->
		
		<resultMap id="fullResult"
			class="">
			<result property="id" column="city_id" />
			<result property="city" column="city" />
			<result property="stateId" column="state_id" />
		</resultMap>

		<!--  Q U E R I E S  -->

		<insert id="insert">
			INSERT INTO `cities` (`city`,`state_id`)
				VALUES (#city#,#stateId#)
			<selectKey resultClass="int" keyProperty="id">
   				SELECT LAST_INSERT_ID() AS id;
 			</selectKey>
		</insert>

		<update id="update">
			UPDATE `cities` SET
				`city`=#city#,
				`state_id`=#stateId#
				WHERE `city_id`=#id#;	
		</update>

		<delete id="delete">
			DELETE FROM `cities`
				WHERE `city_id`=#id#;
		</delete>

		<select id="select"
			parameterClass="int"
			resultMap="fullResult">
			SELECT *
				FROM `cities`
				WHERE `city_id`=#id#;
		</select>
		
		<select id="selectAll"
			parameterClass="array"
			resultMap="fullResult">
			SELECT *
				FROM `cities`
				<iterate prepend="WHERE `city_id` IN " property="idList" open="(" close=")" conjunction=",">
					#idList[]#
				</iterate>
				<isPropertyAvailable property="sort">
					ORDER BY $sort$ $sortDir$
				</isPropertyAvailable>
		</select>
		
		<select id="selectAllForState"
			parameterClass="array"
			resultMap="fullResult">
			SELECT *
				FROM `cities`
				<isPropertyAvailable property="stateName">
					LEFT JOIN `states` ON `cities`.`state_id`=`states`.`state_id`
				</isPropertyAvailable>
				<dynamic prepend="WHERE">
					<isNotEmpty property="stateId" prepend="AND">
						`state_id`=#stateId#
					</isNotEmpty>
					<isPropertyAvailable property="stateId" prepend="AND">
						`state_id`=#stateId#
					</isPropertyAvailable>
					<isPropertyAvailable property="name" prepend="AND">
						`city` LIKE #name#
					</isPropertyAvailable>
					<isPropertyAvailable property="stateName" prepend="AND">
						`state` LIKE #stateName#
					</isPropertyAvailable>
				</dynamic>
		</select>
	</sqlMap>