<?xml version="1.0" encoding="UTF-8" ?>    

<!DOCTYPE sqlMap      
	PUBLIC "-//ibatis.apache.org//DTD SQL Map 2.0//EN"      
	"http://ibatis.apache.org/dtd/sql-map-2.dtd">

	<sqlMap namespace="Comments">
		
		<!-- R E S U L T   M A P S -->
		
		<resultMap id="fullResult"
			class="">
			<result property="id" column="comment_id" />
			<result property="parentId" column="parent_id" />
			<result property="objId" column="obj_id" />
			<result property="comment" column="comment" />
			<result property="subcomments" column="{parentId=comment_id,objId=obj_id}" select="Comments.selectByParent" />
		</resultMap>

		<!--  Q U E R I E S  -->

		<insert id="insert">
			INSERT INTO `countries` (`country`)
				VALUES (#country#)
			<selectKey resultClass="int" keyProperty="id">
   				SELECT LAST_INSERT_ID() AS id;
 			</selectKey>
		</insert>

		<update id="update">
			UPDATE `countries` SET
				`country`=#country#
				WHERE `country_id`=#id#;	
		</update>

		<delete id="delete">
			DELETE FROM `countries`
				WHERE `country_id`=#id#;
		</delete>

		<select id="select"
			parameterClass="int"
			resultMap="fullResult">
			SELECT *
				FROM `countries`
				WHERE `country_id`=#id#;
		</select>
		
		<select id="selectByParent"
			parameterClass="array"
			resultMap="fullResult">
			SELECT *
				FROM `comments`
				<dynamic prepend="WHERE">
					<isPropertyAvailable property="parentId" prepend="AND">
						`parent_id`=#parentId#
					</isPropertyAvailable>
					<isNotPropertyAvailable property="parentId" prepend="AND">
						`parent_id`='0'
					</isNotPropertyAvailable>
					<isPropertyAvailable property="objId" prepend="AND">
						`obj_id`=#objId#
					</isPropertyAvailable>
				</dynamic>
		</select>
	</sqlMap>