<?xml version="1.0" encoding="UTF-8" ?>    

<!DOCTYPE sqlMap      
	PUBLIC "-//ibatis.apache.org//DTD SQL Map 2.0//EN"      
	"http://ibatis.apache.org/dtd/sql-map-2.dtd">

	<sqlMap namespace="Countries">
		
		<!-- R E S U L T   M A P S -->
		
		<resultMap id="partialResult"
			class="">
			<result property="id" column="country_id" />
			<result property="country" column="country" />
		</resultMap>
		
		<resultMap id="fullResult" class="" extends="partialResult">
			<result property="states" column="country_id" select="States.selectAllForCountry"/>
		</resultMap>

		<!--  Q U E R I E S  -->

		<insert id="insert">
			INSERT INTO `countries` (`country`)
				VALUES (#country#)
			<selectKey resultClass="int" keyProperty="id">
   				SELECT LAST_INSERT_ID() AS id;
 			</selectKey>
		</insert>

		<update id="update">
			UPDATE `countries` SET
				`country`=#country#
				WHERE `country_id`=#id#	
		</update>

		<delete id="delete">
			DELETE FROM `countries`
				WHERE `country_id`=#id#;
		</delete>

		<select id="select" parameterClass="int" resultMap="fullResult">
			SELECT *
				FROM `countries`
				WHERE `country_id`=#id#;
		</select>
		
		<select id="selectAll" parameterClass="array" resultMap="fullResult">
			SELECT *
				FROM `countries`
				<dynamic prepend="WHERE">
					<iterate prepend="AND" property="idList" open="`country_id` IN (" close=")" conjunction=",">
						#idList[]#
					</iterate>
				</dynamic>
				<isPropertyAvailable property="sort">
					ORDER BY $sort$ $sortDir$
				</isPropertyAvailable>
		</select>
	</sqlMap>